--
-- PostgreSQL database dump
--

-- Dumped from database version 9.5.2
-- Dumped by pg_dump version 9.5.2

SET statement_timeout = 0;
SET lock_timeout = 0;
SET client_encoding = 'UTF8';
SET standard_conforming_strings = on;
SET check_function_bodies = false;
SET client_min_messages = warning;
SET row_security = off;

--
-- Name: customworkflow; Type: DATABASE; Schema: -; Owner: bsiquei
--

CREATE DATABASE customworkflow WITH TEMPLATE = template0 ENCODING = 'UTF8' LC_COLLATE = 'pt_BR.UTF-8' LC_CTYPE = 'pt_BR.UTF-8';


ALTER DATABASE customworkflow OWNER TO bsiquei;

\connect customworkflow

SET statement_timeout = 0;
SET lock_timeout = 0;
SET client_encoding = 'UTF8';
SET standard_conforming_strings = on;
SET check_function_bodies = false;
SET client_min_messages = warning;
SET row_security = off;

--
-- Name: plpgsql; Type: EXTENSION; Schema: -; Owner: 
--

CREATE EXTENSION IF NOT EXISTS plpgsql WITH SCHEMA pg_catalog;


--
-- Name: EXTENSION plpgsql; Type: COMMENT; Schema: -; Owner: 
--

COMMENT ON EXTENSION plpgsql IS 'PL/pgSQL procedural language';


SET search_path = public, pg_catalog;

SET default_tablespace = '';

SET default_with_oids = false;

--
-- Name: processos; Type: TABLE; Schema: public; Owner: postgres
--

CREATE TABLE processos (
    id integer NOT NULL,
    idpai integer,
    idtipoprocesso integer,
    inicio timestamp without time zone,
    idworkflow integer,
    status character varying,
    regra_finalizacao character varying
);


ALTER TABLE processos OWNER TO postgres;

--
-- Name: arvore_processo; Type: VIEW; Schema: public; Owner: postgres
--

CREATE VIEW arvore_processo AS
 SELECT p.id AS proprio,
    p_filhos.id AS filho,
    p_avo.id AS avo,
    '' AS status,
    p_bisavo.id AS bisavo,
    p_netos.id AS neto
   FROM ((((processos p
     LEFT JOIN processos p_filhos ON ((p_filhos.idpai = p.id)))
     LEFT JOIN processos p_avo ON ((p_avo.id = p.idpai)))
     LEFT JOIN processos p_bisavo ON ((p_bisavo.id = p_avo.idpai)))
     LEFT JOIN processos p_netos ON ((p_netos.idpai = p_filhos.id)));


ALTER TABLE arvore_processo OWNER TO postgres;

--
-- Name: atores; Type: TABLE; Schema: public; Owner: postgres
--

CREATE TABLE atores (
    id integer NOT NULL,
    ator character varying
);


ALTER TABLE atores OWNER TO postgres;

--
-- Name: atores_id_seq; Type: SEQUENCE; Schema: public; Owner: postgres
--

CREATE SEQUENCE atores_id_seq
    START WITH 1
    INCREMENT BY 1
    NO MINVALUE
    NO MAXVALUE
    CACHE 1;


ALTER TABLE atores_id_seq OWNER TO postgres;

--
-- Name: atores_id_seq; Type: SEQUENCE OWNED BY; Schema: public; Owner: postgres
--

ALTER SEQUENCE atores_id_seq OWNED BY atores.id;


--
-- Name: funcoes_posto; Type: TABLE; Schema: public; Owner: postgres
--

CREATE TABLE funcoes_posto (
    id integer NOT NULL,
    idposto integer,
    funcao character varying,
    goto integer
);


ALTER TABLE funcoes_posto OWNER TO postgres;

--
-- Name: funcoes_posto_id_seq; Type: SEQUENCE; Schema: public; Owner: postgres
--

CREATE SEQUENCE funcoes_posto_id_seq
    START WITH 1
    INCREMENT BY 1
    NO MINVALUE
    NO MAXVALUE
    CACHE 1;


ALTER TABLE funcoes_posto_id_seq OWNER TO postgres;

--
-- Name: funcoes_posto_id_seq; Type: SEQUENCE OWNED BY; Schema: public; Owner: postgres
--

ALTER SEQUENCE funcoes_posto_id_seq OWNED BY funcoes_posto.id;


--
-- Name: notificacoes_email; Type: TABLE; Schema: public; Owner: postgres
--

CREATE TABLE notificacoes_email (
    id integer NOT NULL,
    de character varying,
    para character varying,
    titulo character varying,
    corpo character varying
);


ALTER TABLE notificacoes_email OWNER TO postgres;

--
-- Name: TABLE notificacoes_email; Type: COMMENT; Schema: public; Owner: postgres
--

COMMENT ON TABLE notificacoes_email IS 'o campo corpo, tem os seguintes parametros:
{preenchido_no_posto} -> conteudo dos campos preenchidos no posto
{idprocesso} -> idprocesso do registro


 ';


--
-- Name: notificacoes_email_id_seq; Type: SEQUENCE; Schema: public; Owner: postgres
--

CREATE SEQUENCE notificacoes_email_id_seq
    START WITH 1
    INCREMENT BY 1
    NO MINVALUE
    NO MAXVALUE
    CACHE 1;


ALTER TABLE notificacoes_email_id_seq OWNER TO postgres;

--
-- Name: notificacoes_email_id_seq; Type: SEQUENCE OWNED BY; Schema: public; Owner: postgres
--

ALTER SEQUENCE notificacoes_email_id_seq OWNED BY notificacoes_email.id;


--
-- Name: posto_acao; Type: TABLE; Schema: public; Owner: postgres
--

CREATE TABLE posto_acao (
    id integer NOT NULL,
    idposto integer,
    acao character varying,
    goto integer
);


ALTER TABLE posto_acao OWNER TO postgres;

--
-- Name: posto_acao_id_seq; Type: SEQUENCE; Schema: public; Owner: postgres
--

CREATE SEQUENCE posto_acao_id_seq
    START WITH 1
    INCREMENT BY 1
    NO MINVALUE
    NO MAXVALUE
    CACHE 1;


ALTER TABLE posto_acao_id_seq OWNER TO postgres;

--
-- Name: posto_acao_id_seq; Type: SEQUENCE OWNED BY; Schema: public; Owner: postgres
--

ALTER SEQUENCE posto_acao_id_seq OWNED BY posto_acao.id;


--
-- Name: postos_campo; Type: TABLE; Schema: public; Owner: postgres
--

CREATE TABLE postos_campo (
    id integer NOT NULL,
    idposto integer,
    campo character varying,
    obrigatorio integer,
    maxlenght integer,
    inputtype character varying,
    txtarea_cols integer,
    txtarea_rows integer,
    dica_preenchimento character varying
);


ALTER TABLE postos_campo OWNER TO postgres;

--
-- Name: postos_campo_id_seq; Type: SEQUENCE; Schema: public; Owner: postgres
--

CREATE SEQUENCE postos_campo_id_seq
    START WITH 1
    INCREMENT BY 1
    NO MINVALUE
    NO MAXVALUE
    CACHE 1;


ALTER TABLE postos_campo_id_seq OWNER TO postgres;

--
-- Name: postos_campo_id_seq; Type: SEQUENCE OWNED BY; Schema: public; Owner: postgres
--

ALTER SEQUENCE postos_campo_id_seq OWNED BY postos_campo.id;


--
-- Name: postos_campo_lista; Type: TABLE; Schema: public; Owner: postgres
--

CREATE TABLE postos_campo_lista (
    id integer NOT NULL,
    idposto integer,
    idpostocampo integer,
    atributo_campo character varying,
    atributo_valor character varying
);


ALTER TABLE postos_campo_lista OWNER TO postgres;

--
-- Name: postos_campo_lista_id_seq; Type: SEQUENCE; Schema: public; Owner: postgres
--

CREATE SEQUENCE postos_campo_lista_id_seq
    START WITH 1
    INCREMENT BY 1
    NO MINVALUE
    NO MAXVALUE
    CACHE 1;


ALTER TABLE postos_campo_lista_id_seq OWNER TO postgres;

--
-- Name: postos_campo_lista_id_seq; Type: SEQUENCE OWNED BY; Schema: public; Owner: postgres
--

ALTER SEQUENCE postos_campo_lista_id_seq OWNED BY postos_campo_lista.id;


--
-- Name: processos_id_seq; Type: SEQUENCE; Schema: public; Owner: postgres
--

CREATE SEQUENCE processos_id_seq
    START WITH 1
    INCREMENT BY 1
    NO MINVALUE
    NO MAXVALUE
    CACHE 1;


ALTER TABLE processos_id_seq OWNER TO postgres;

--
-- Name: processos_id_seq; Type: SEQUENCE OWNED BY; Schema: public; Owner: postgres
--

ALTER SEQUENCE processos_id_seq OWNED BY processos.id;


--
-- Name: relacionamento_postos; Type: TABLE; Schema: public; Owner: postgres
--

CREATE TABLE relacionamento_postos (
    id integer NOT NULL,
    avanca_processo integer,
    idposto_atual integer
);


ALTER TABLE relacionamento_postos OWNER TO postgres;

--
-- Name: relacionamento_postos_id_seq; Type: SEQUENCE; Schema: public; Owner: postgres
--

CREATE SEQUENCE relacionamento_postos_id_seq
    START WITH 1
    INCREMENT BY 1
    NO MINVALUE
    NO MAXVALUE
    CACHE 1;


ALTER TABLE relacionamento_postos_id_seq OWNER TO postgres;

--
-- Name: relacionamento_postos_id_seq; Type: SEQUENCE OWNED BY; Schema: public; Owner: postgres
--

ALTER SEQUENCE relacionamento_postos_id_seq OWNED BY relacionamento_postos.id;


--
-- Name: sla; Type: TABLE; Schema: public; Owner: postgres
--

CREATE TABLE sla (
    id integer NOT NULL,
    nomeregra character varying,
    idnotificacao integer,
    tabela character varying,
    sla_emhorascorridas integer,
    campo_calculado character varying,
    campo_localizador character varying,
    valor_localizador character varying,
    where_tabela character varying,
    idpai integer
);


ALTER TABLE sla OWNER TO postgres;

--
-- Name: sla_id_seq; Type: SEQUENCE; Schema: public; Owner: postgres
--

CREATE SEQUENCE sla_id_seq
    START WITH 1
    INCREMENT BY 1
    NO MINVALUE
    NO MAXVALUE
    CACHE 1;


ALTER TABLE sla_id_seq OWNER TO postgres;

--
-- Name: sla_id_seq; Type: SEQUENCE OWNED BY; Schema: public; Owner: postgres
--

ALTER SEQUENCE sla_id_seq OWNED BY sla.id;


--
-- Name: sla_notificacoes; Type: TABLE; Schema: public; Owner: postgres
--

CREATE TABLE sla_notificacoes (
    id integer NOT NULL,
    idsla integer,
    datanotificacao timestamp without time zone,
    chave character varying
);


ALTER TABLE sla_notificacoes OWNER TO postgres;

--
-- Name: sla_notificacoes_id_seq; Type: SEQUENCE; Schema: public; Owner: postgres
--

CREATE SEQUENCE sla_notificacoes_id_seq
    START WITH 1
    INCREMENT BY 1
    NO MINVALUE
    NO MAXVALUE
    CACHE 1;


ALTER TABLE sla_notificacoes_id_seq OWNER TO postgres;

--
-- Name: sla_notificacoes_id_seq; Type: SEQUENCE OWNED BY; Schema: public; Owner: postgres
--

ALTER SEQUENCE sla_notificacoes_id_seq OWNED BY sla_notificacoes.id;


--
-- Name: tecnologias; Type: TABLE; Schema: public; Owner: postgres
--

CREATE TABLE tecnologias (
    id integer NOT NULL,
    tecnologia character varying
);


ALTER TABLE tecnologias OWNER TO postgres;

--
-- Name: tecnologias_id_seq; Type: SEQUENCE; Schema: public; Owner: postgres
--

CREATE SEQUENCE tecnologias_id_seq
    START WITH 1
    INCREMENT BY 1
    NO MINVALUE
    NO MAXVALUE
    CACHE 1;


ALTER TABLE tecnologias_id_seq OWNER TO postgres;

--
-- Name: tecnologias_id_seq; Type: SEQUENCE OWNED BY; Schema: public; Owner: postgres
--

ALTER SEQUENCE tecnologias_id_seq OWNED BY tecnologias.id;


--
-- Name: tipos_processo; Type: TABLE; Schema: public; Owner: postgres
--

CREATE TABLE tipos_processo (
    id integer NOT NULL,
    tipo character varying,
    id_pai integer,
    regra_finalizacao character varying,
    regra_handover character varying,
    avanca_processo_filhos_fechados integer
);


ALTER TABLE tipos_processo OWNER TO postgres;

--
-- Name: tipos_processo_id_seq; Type: SEQUENCE; Schema: public; Owner: postgres
--

CREATE SEQUENCE tipos_processo_id_seq
    START WITH 1
    INCREMENT BY 1
    NO MINVALUE
    NO MAXVALUE
    CACHE 1;


ALTER TABLE tipos_processo_id_seq OWNER TO postgres;

--
-- Name: tipos_processo_id_seq; Type: SEQUENCE OWNED BY; Schema: public; Owner: postgres
--

ALTER SEQUENCE tipos_processo_id_seq OWNED BY tipos_processo.id;


--
-- Name: usuario_atores; Type: TABLE; Schema: public; Owner: postgres
--

CREATE TABLE usuario_atores (
    id integer NOT NULL,
    idusuario integer,
    idator integer
);


ALTER TABLE usuario_atores OWNER TO postgres;

--
-- Name: usuario_atores_id_seq; Type: SEQUENCE; Schema: public; Owner: postgres
--

CREATE SEQUENCE usuario_atores_id_seq
    START WITH 1
    INCREMENT BY 1
    NO MINVALUE
    NO MAXVALUE
    CACHE 1;


ALTER TABLE usuario_atores_id_seq OWNER TO postgres;

--
-- Name: usuario_atores_id_seq; Type: SEQUENCE OWNED BY; Schema: public; Owner: postgres
--

ALTER SEQUENCE usuario_atores_id_seq OWNED BY usuario_atores.id;


--
-- Name: usuarios; Type: TABLE; Schema: public; Owner: postgres
--

CREATE TABLE usuarios (
    id integer NOT NULL,
    email character varying,
    nome character varying,
    senha character varying,
    login character varying,
    admin integer
);


ALTER TABLE usuarios OWNER TO postgres;

--
-- Name: usuarios_avaliadores_tecnologias; Type: TABLE; Schema: public; Owner: postgres
--

CREATE TABLE usuarios_avaliadores_tecnologias (
    id integer NOT NULL,
    idusuario integer,
    idtecnologia integer
);


ALTER TABLE usuarios_avaliadores_tecnologias OWNER TO postgres;

--
-- Name: usuarios_avaliadores_tecnologias_id_seq; Type: SEQUENCE; Schema: public; Owner: postgres
--

CREATE SEQUENCE usuarios_avaliadores_tecnologias_id_seq
    START WITH 1
    INCREMENT BY 1
    NO MINVALUE
    NO MAXVALUE
    CACHE 1;


ALTER TABLE usuarios_avaliadores_tecnologias_id_seq OWNER TO postgres;

--
-- Name: usuarios_avaliadores_tecnologias_id_seq; Type: SEQUENCE OWNED BY; Schema: public; Owner: postgres
--

ALTER SEQUENCE usuarios_avaliadores_tecnologias_id_seq OWNED BY usuarios_avaliadores_tecnologias.id;


--
-- Name: usuarios_id_seq; Type: SEQUENCE; Schema: public; Owner: postgres
--

CREATE SEQUENCE usuarios_id_seq
    START WITH 1
    INCREMENT BY 1
    NO MINVALUE
    NO MAXVALUE
    CACHE 1;


ALTER TABLE usuarios_id_seq OWNER TO postgres;

--
-- Name: usuarios_id_seq; Type: SEQUENCE OWNED BY; Schema: public; Owner: postgres
--

ALTER SEQUENCE usuarios_id_seq OWNED BY usuarios.id;


--
-- Name: workflow; Type: TABLE; Schema: public; Owner: postgres
--

CREATE TABLE workflow (
    id integer NOT NULL,
    workflow character varying,
    posto_inicial integer,
    posto_final integer,
    penultimo_posto integer
);


ALTER TABLE workflow OWNER TO postgres;

--
-- Name: workflow_dados; Type: TABLE; Schema: public; Owner: postgres
--

CREATE TABLE workflow_dados (
    id integer NOT NULL,
    idpostocampo integer,
    valor character varying,
    idprocesso integer,
    registro timestamp without time zone,
    idposto integer
);


ALTER TABLE workflow_dados OWNER TO postgres;

--
-- Name: workflow_dados_id_seq; Type: SEQUENCE; Schema: public; Owner: postgres
--

CREATE SEQUENCE workflow_dados_id_seq
    START WITH 1
    INCREMENT BY 1
    NO MINVALUE
    NO MAXVALUE
    CACHE 1;


ALTER TABLE workflow_dados_id_seq OWNER TO postgres;

--
-- Name: workflow_dados_id_seq; Type: SEQUENCE OWNED BY; Schema: public; Owner: postgres
--

ALTER SEQUENCE workflow_dados_id_seq OWNED BY workflow_dados.id;


--
-- Name: workflow_id_seq; Type: SEQUENCE; Schema: public; Owner: postgres
--

CREATE SEQUENCE workflow_id_seq
    START WITH 1
    INCREMENT BY 1
    NO MINVALUE
    NO MAXVALUE
    CACHE 1;


ALTER TABLE workflow_id_seq OWNER TO postgres;

--
-- Name: workflow_id_seq; Type: SEQUENCE OWNED BY; Schema: public; Owner: postgres
--

ALTER SEQUENCE workflow_id_seq OWNED BY workflow.id;


--
-- Name: workflow_postos; Type: TABLE; Schema: public; Owner: postgres
--

CREATE TABLE workflow_postos (
    id integer NOT NULL,
    id_workflow integer,
    idator integer,
    posto character varying,
    ordem_cronologica integer,
    principal integer,
    lista character varying,
    idtipoprocesso integer,
    starter integer,
    notif_saindoposto integer,
    notif_entrandoposto integer,
    tipodesignacao character varying,
    regra_finalizacao character varying
);


ALTER TABLE workflow_postos OWNER TO postgres;

--
-- Name: workflow_postos_id_seq; Type: SEQUENCE; Schema: public; Owner: postgres
--

CREATE SEQUENCE workflow_postos_id_seq
    START WITH 1
    INCREMENT BY 1
    NO MINVALUE
    NO MAXVALUE
    CACHE 1;


ALTER TABLE workflow_postos_id_seq OWNER TO postgres;

--
-- Name: workflow_postos_id_seq; Type: SEQUENCE OWNED BY; Schema: public; Owner: postgres
--

ALTER SEQUENCE workflow_postos_id_seq OWNED BY workflow_postos.id;


--
-- Name: workflow_tramitacao; Type: TABLE; Schema: public; Owner: postgres
--

CREATE TABLE workflow_tramitacao (
    id integer NOT NULL,
    idprocesso integer,
    idworkflowposto integer,
    inicio timestamp without time zone,
    fim timestamp without time zone,
    id_usuario_associado integer
);


ALTER TABLE workflow_tramitacao OWNER TO postgres;

--
-- Name: TABLE workflow_tramitacao; Type: COMMENT; Schema: public; Owner: postgres
--

COMMENT ON TABLE workflow_tramitacao IS 'tipodesignacao = LIVRE - qualquer um pode trabalhar no processo daquele posto
tipodesignacao = ASSUMIR - qualquer usuario pode reinvicar o processo daquele posto
tipodesignacao = AUTO-DIRECIONADO - os processos serão automaticamente distribuidos';


--
-- Name: workflow_tramitacao_id_seq; Type: SEQUENCE; Schema: public; Owner: postgres
--

CREATE SEQUENCE workflow_tramitacao_id_seq
    START WITH 1
    INCREMENT BY 1
    NO MINVALUE
    NO MAXVALUE
    CACHE 1;


ALTER TABLE workflow_tramitacao_id_seq OWNER TO postgres;

--
-- Name: workflow_tramitacao_id_seq; Type: SEQUENCE OWNED BY; Schema: public; Owner: postgres
--

ALTER SEQUENCE workflow_tramitacao_id_seq OWNED BY workflow_tramitacao.id;


--
-- Name: id; Type: DEFAULT; Schema: public; Owner: postgres
--

ALTER TABLE ONLY atores ALTER COLUMN id SET DEFAULT nextval('atores_id_seq'::regclass);


--
-- Name: id; Type: DEFAULT; Schema: public; Owner: postgres
--

ALTER TABLE ONLY funcoes_posto ALTER COLUMN id SET DEFAULT nextval('funcoes_posto_id_seq'::regclass);


--
-- Name: id; Type: DEFAULT; Schema: public; Owner: postgres
--

ALTER TABLE ONLY notificacoes_email ALTER COLUMN id SET DEFAULT nextval('notificacoes_email_id_seq'::regclass);


--
-- Name: id; Type: DEFAULT; Schema: public; Owner: postgres
--

ALTER TABLE ONLY posto_acao ALTER COLUMN id SET DEFAULT nextval('posto_acao_id_seq'::regclass);


--
-- Name: id; Type: DEFAULT; Schema: public; Owner: postgres
--

ALTER TABLE ONLY postos_campo ALTER COLUMN id SET DEFAULT nextval('postos_campo_id_seq'::regclass);


--
-- Name: id; Type: DEFAULT; Schema: public; Owner: postgres
--

ALTER TABLE ONLY postos_campo_lista ALTER COLUMN id SET DEFAULT nextval('postos_campo_lista_id_seq'::regclass);


--
-- Name: id; Type: DEFAULT; Schema: public; Owner: postgres
--

ALTER TABLE ONLY processos ALTER COLUMN id SET DEFAULT nextval('processos_id_seq'::regclass);


--
-- Name: id; Type: DEFAULT; Schema: public; Owner: postgres
--

ALTER TABLE ONLY relacionamento_postos ALTER COLUMN id SET DEFAULT nextval('relacionamento_postos_id_seq'::regclass);


--
-- Name: id; Type: DEFAULT; Schema: public; Owner: postgres
--

ALTER TABLE ONLY sla ALTER COLUMN id SET DEFAULT nextval('sla_id_seq'::regclass);


--
-- Name: id; Type: DEFAULT; Schema: public; Owner: postgres
--

ALTER TABLE ONLY sla_notificacoes ALTER COLUMN id SET DEFAULT nextval('sla_notificacoes_id_seq'::regclass);


--
-- Name: id; Type: DEFAULT; Schema: public; Owner: postgres
--

ALTER TABLE ONLY tecnologias ALTER COLUMN id SET DEFAULT nextval('tecnologias_id_seq'::regclass);


--
-- Name: id; Type: DEFAULT; Schema: public; Owner: postgres
--

ALTER TABLE ONLY tipos_processo ALTER COLUMN id SET DEFAULT nextval('tipos_processo_id_seq'::regclass);


--
-- Name: id; Type: DEFAULT; Schema: public; Owner: postgres
--

ALTER TABLE ONLY usuario_atores ALTER COLUMN id SET DEFAULT nextval('usuario_atores_id_seq'::regclass);


--
-- Name: id; Type: DEFAULT; Schema: public; Owner: postgres
--

ALTER TABLE ONLY usuarios ALTER COLUMN id SET DEFAULT nextval('usuarios_id_seq'::regclass);


--
-- Name: id; Type: DEFAULT; Schema: public; Owner: postgres
--

ALTER TABLE ONLY usuarios_avaliadores_tecnologias ALTER COLUMN id SET DEFAULT nextval('usuarios_avaliadores_tecnologias_id_seq'::regclass);


--
-- Name: id; Type: DEFAULT; Schema: public; Owner: postgres
--

ALTER TABLE ONLY workflow ALTER COLUMN id SET DEFAULT nextval('workflow_id_seq'::regclass);


--
-- Name: id; Type: DEFAULT; Schema: public; Owner: postgres
--

ALTER TABLE ONLY workflow_dados ALTER COLUMN id SET DEFAULT nextval('workflow_dados_id_seq'::regclass);


--
-- Name: id; Type: DEFAULT; Schema: public; Owner: postgres
--

ALTER TABLE ONLY workflow_postos ALTER COLUMN id SET DEFAULT nextval('workflow_postos_id_seq'::regclass);


--
-- Name: id; Type: DEFAULT; Schema: public; Owner: postgres
--

ALTER TABLE ONLY workflow_tramitacao ALTER COLUMN id SET DEFAULT nextval('workflow_tramitacao_id_seq'::regclass);


--
-- Data for Name: atores; Type: TABLE DATA; Schema: public; Owner: postgres
--

COPY atores (id, ator) FROM stdin;
2	avaliador
3	analista selecao
5	gestor selecao
85	Gestor Funcional
\.


--
-- Name: atores_id_seq; Type: SEQUENCE SET; Schema: public; Owner: postgres
--

SELECT pg_catalog.setval('atores_id_seq', 85, true);


--
-- Data for Name: funcoes_posto; Type: TABLE DATA; Schema: public; Owner: postgres
--

COPY funcoes_posto (id, idposto, funcao, goto) FROM stdin;
1	2	Criar nova Vaga	1
\.


--
-- Name: funcoes_posto_id_seq; Type: SEQUENCE SET; Schema: public; Owner: postgres
--

SELECT pg_catalog.setval('funcoes_posto_id_seq', 1, true);


--
-- Data for Name: notificacoes_email; Type: TABLE DATA; Schema: public; Owner: postgres
--

COPY notificacoes_email (id, de, para, titulo, corpo) FROM stdin;
5	{5}	{166}	[Processo de Contratacão] Negociacao com candidato {11}	Ola {166},\n\nPor favor, poderia iniciar o processo de negociacao com o candidato {11}, referente ao processo seletivo {idprocesso}\n\nAtenciosamente,\n{5}
14	devcontrat@walmart.com	{gestorselecao}	[Processo de Contratação] SLA do processo de seleção vencido	\nOlá {gestorselecao},\nGostaríamos de informar que o candidato {11} encontra-se no processo de seleção além do máximo considerado.\n\nGentileza, verificar. \n\nAbs,\nBruno
9	devcontrat@walmart.com	{5}	[Processo de Contratação] SLA Vencido, Negociação com Consultoria	\nOlá {5},\nGostaríamos de informar que o SLA de Negociação com a COnusltoria do candidato {11} referente ao processo seletivo {idprocesso} encontra-se vencido.\n\nFavor agilizar.\n\nAbs,\nBruno\n
10	devcontrat@walmart.com	{5}	[Processo de Contratação] SLA Vencido, Negociação com Consultoria	\nOlá {5},\nGostaríamos de informar que o SLA de revisão dos candidatos entrevistados, especificamento o candidato {11} referente ao processo seletivo {idprocesso} encontra-se vencido.\n\nFavor agilizar.\n\nAbs,\nBruno\n
15	devcontrat@walmart.com	{usuarioassociado}	[Processo de Contratação] SLA Vencido da Avalição do candidato {11}	Olá {usuarioassociado},\nGostaríamos de solicitar que você avaliasse o candidato {11} o mais rapido possível. O SLA padrão desta atividade já foi rompido.
2	devcontrat@walmart.com	{usuarioassociado}	[Processo de Contratacão] Novo candidato para ser Classificado - {12}	Olá,\nUm novo candidato do nosso processo de selecão enviou submeteu seu teste e gostariamos da sua ajuda para avalia-lo.\nVocê ira encontrar todos os dados necessarios no sistema mas adiantamos:\nProcesso Seletivo: {idprocesso}\n\n\t\t\nLembramos que: \n1 - O objetivo desta classificacao e enquadra-lo de acordo com as metricas de avaliacão do Walmart. Confira em: \n\t\t\nAtenciosamente, \nEquipe de Contratação de Desenvolvedores\ndevcontrat@walmart.com
7	devcontrat@walmart.com	{177}	{11}, {177} Bem Vindo ao Walmart.com	Olá {11},\nEste é seu primeiro email e que seja de boas vindas!\n\nEm tempo, gostaríamos de saber como foi seu processo de onboarding.\nPoderia nos responder as perguntas abaixo:\n1. Você recebeu instrucões sobre a visão de negocios, roadmap atual e futuro do produto que você vai trabalhar ? Como foi a experiência ?\n2. Você recebeu instrucões sobre a arquitetura, dependências e quais sistemas dependem do seu produto ? Como foi a experiência ?\n3. Você recebeu instrucões sobre o processo de trabalho do Walmart.com ? Como foi a experiência ?\n\nEsta faltando alguma coisa ? Em que mais podemos lhe ajudar ?\n\nVocê tem 7 dias para responder este email! Seu feedback e importante para continuarmos melhorando.\n\nAtenciosamente,\nEquipe de Contratacão de Desenvolvedores
17	devcontrar@walmart.com	gerente@walmart	[Processo de Contratação] Escalonamento, candidato {11} atingiu tempo máximo no processo	Olá {gestorselecao}, O candidato {11} do processo {idprocesso} atingiu o tempo máximo no processo.
11	devcontrat@walmart.com	{5}	[Processo de Contratação] SLA Vencido, Negociação com Consultoria	\nOlá {5},\nGostaríamos de informar que o SLA de Entrevista, especificamente do candidato {11} referente ao processo seletivo {idprocesso} encontra-se vencido.\n\nFavor agilizar.\n\nAbs,\nBruno
13	devcontrat@walmart.com	{5}	[Processo de Contratação] SLA de Onboarding vencido	\nOlá {5},\nGostaríamos de informar que o SLA de Onboarding do novo membro {11} encontra-se vencido.\n\nGentileza, agilizar. \n\nAbs,\nBruno
6	{5}	{166}	[Processo de Contratação] Contratar:{11} - Processo Seletivo: {idprocesso}	Olá {166},\n\nGostaria de comunicar a aprovação do candidato {11}, referente ao processo seletivo {idprocesso}.\n\nData de Inicio esperada: {data de inicio}\nValor/Hora negociada: {Valor/Hora}\n\nAtenciosamente, \n{5}\n
1	rodrigues@simonsen.br	rodrigues@simonsen.br	[Walmart.com] Abertura de Vaga - Processo Seletivo #{idprocesso}	Olá,\nComunicamos de abertura de nova vaga, Processo Seletivo #{idprocesso}.\n\nJob Description: {1}\nTipo de Vaga: {13}\n\t\t\nLembramos que: \n1 - Os candidatos que atenderem as exigências da vaga deverão executar o teste abaixo, em caráter eliminatório.\nhttp://www. github.com. aihua/ teste blabla\n\t\t\n2 - Toda a comunicação a respeito de um candidato deve preservar o número do Processo Seletivo.\n\n3 - Somente serão considerados os candidatos com teste concluído e data de resposta de no máximo um mês a partir deste email.\n\t\t\nAtenciosamente, \nEquipe de Contratação de Desenvolvedores\ndevcontrat@walmart.com
4	devcontrat@walmart.com	{5}	[Processo de Contratacão] Entrevista Candidato: {11}	{5},\n\nFavor entrevista o candidato {11} o mais rapido possivel, caso ele nao se encaixe no perfil que voce deseja outro gestor poderia considera-lo\n\n\nAtenciosamente,\nEquipe de Contratacão de Desenvolvedores 
16	devcontrat@walmart.com	diretor@walmart	[Processo de Contratação] Escalonamento: Posto de Primeira avaliação	Olá,\nGostaríamos de pedir sua ajuda, o teste do candidato {11} continua no mesmo posto desde {entradanoposto} e já foi escalado para {usuarioassociado}.
12	devcontrat@walmart.com	{usuarioassociado}	[Processo de Contratação] Avaliação do Teste	\nOlá {usuarioassociado},\nGostaríamos de informar que o SLA de Avaliação do Teste Técnico, especificamente do candidato {11} referente ao processo seletivo {idprocesso} encontra-se vencido.\n\nGentileza, verificar ASAP.\n\nAbs,\nBruno
18	devcontrat@walmart.com	diretor@walmart	[Processo de Contratação] Escalonamento, nível 2, candidato {11} a muito tmepo no processo.	Olá,\nGostaríamos de pedir sua ajuda, o candidato {11} está no processo desde {inicioprocesso} e já foi escalado para {gestorselecao}. Precisamos encerrar sua vida no processo.
3	devcontrat@walmart.com	{atoresdoposto}	[Processo de Contratação] Candidato pronto para Roteamento - {12}:{4}	Gestores, \nExiste um novo candidato pronto para ser entrevistado.\n\nProcesso Seletivo: {idprocesso}\nNome do Candidato: {11}\n\nAtenciosamente, \nEquipe de Contratação de Desenvolvedores\ndevcontrat@walmart.com\n
8	devcontrat@walmart.com	devcontrat@walmart.com	[Processo de Contratação] SLA Vencido, Posto Roteamento	Olá,\n\nO SLA do posto foi vencido e solicitamos que o roteamento dos candidatos aprovados seja logo realizado.
\.


--
-- Name: notificacoes_email_id_seq; Type: SEQUENCE SET; Schema: public; Owner: postgres
--

SELECT pg_catalog.setval('notificacoes_email_id_seq', 18, true);


--
-- Data for Name: posto_acao; Type: TABLE DATA; Schema: public; Owner: postgres
--

COPY posto_acao (id, idposto, acao, goto) FROM stdin;
1	1	Lançar	2
3	3	Classificar	274
4	4	Designar Gestor	275
310	7	Finalizar2	279
5	5	Seguir com candidato	276
311	5	Devolver Candidato	281
7	6	Seguir para Negociacão	277
312	6	Devolver Candidato	282
10	8	Negociacão com Sucesso	278
313	8	Negociacao Declinou	283
316	280	test onboarding	284
315	280	Seguir para reconsideracão	285
12	4	Arquivar	286
317	287	Classificar	288
2	2	Lançar Candidato de Consultoria	273
319	2	Encerrar Vaga	292
318	2	Enviar para	294
\.


--
-- Name: posto_acao_id_seq; Type: SEQUENCE SET; Schema: public; Owner: postgres
--

SELECT pg_catalog.setval('posto_acao_id_seq', 319, true);


--
-- Data for Name: postos_campo; Type: TABLE DATA; Schema: public; Owner: postgres
--

COPY postos_campo (id, idposto, campo, obrigatorio, maxlenght, inputtype, txtarea_cols, txtarea_rows, dica_preenchimento) FROM stdin;
11	273	nome	1	50	text	\N	\N	\N
13	1	tipovaga	1	30	text	\N	\N	\N
2	273	github	\N	\N	\N	\N	\N	\N
4	274	senioridade	\N	\N	\N	\N	\N	\N
163	278	Valor/Hora	\N	\N	\N	\N	\N	\N
164	278	Data de Inicio	\N	\N	\N	\N	\N	\N
5	275	Gestor Interessado	\N	\N	\N	\N	\N	\N
166	273	Consultoria	\N	\N	\N	\N	\N	\N
171	284	tst	\N	\N	\N	\N	\N	\N
177	279	Email	\N	\N	\N	\N	\N	\N
8	8	dados da negociacao	1	\N	textarea	90	10	\N
9	279	checklist executado ?	1	\N	textarea	90	10	\N
10	274	Parecer da Classificação dos Devs	1	\N	textarea	90	10	\N
6	276	Parecer do Gestor em Entrevista Presencial	1	\N	textarea	90	10	\N
7	277	Pos Entrevista, parecer decisorio	1	\N	textarea	90	10	\N
167	281	Motivo da ReprovacÃo	1	\N	textarea	90	10	\N
168	282	Motivo da ReprovacÃo	1	\N	textarea	90	10	\N
169	283	Motivo do Declinio	1	\N	textarea	90	10	\N
170	285	Justificativa da reativacão do Processo	1	\N	textarea	90	10	\N
172	286	Motivo do Arquivamento	1	\N	textarea	90	10	\N
174	1	Enunciado e Regras do Teste Técnico	1	\N	textarea	90	10	\N
1	1	job description	1	\N	textarea	90	10	\N
179	287	Parecer da Classificação dos Devs	1	\N	textarea	90	10	\N
180	288	senioridade	\N	\N	\N	\N	\N	\N
181	288	Parecer da Classificação dos Devs	1	\N	textarea	90	10	\N
3	273	cv	\N	\N	file	\N	\N	\N
182	273	Tecnologias que domina	1	\N	textarea	45	4	\N
12	273	Tecnologia que o candidato fez o teste	\N	\N	\N	\N	\N	\N
183	292	Motivo do Encerramento da Vaga	1	\N	textarea	90	10	\N
184	294	Novos Destinatários	\N	\N	textarea	90	2	Separar os emails por ",". Exemplo: usuario@email.com, usuario2@email.com
\.


--
-- Name: postos_campo_id_seq; Type: SEQUENCE SET; Schema: public; Owner: postgres
--

SELECT pg_catalog.setval('postos_campo_id_seq', 185, true);


--
-- Data for Name: postos_campo_lista; Type: TABLE DATA; Schema: public; Owner: postgres
--

COPY postos_campo_lista (id, idposto, idpostocampo, atributo_campo, atributo_valor) FROM stdin;
1	2	13	\N	\N
2	2	1	\N	\N
3	3	11	\N	\N
4	3	12	\N	\N
5	3	13	\N	\N
6	4	4	\N	\N
9	4	11	\N	\N
11	4	13	\N	\N
12	5	4	\N	\N
13	5	10	\N	\N
15	5	11	\N	\N
16	5	12	\N	\N
17	5	13	\N	\N
18	5	5	\N	\N
19	6	4	\N	\N
20	6	10	\N	\N
21	6	5	\N	\N
22	6	11	\N	\N
23	6	12	\N	\N
24	6	13	\N	\N
25	6	6	\N	\N
26	8	4	\N	\N
27	8	10	\N	\N
28	8	5	\N	\N
29	8	11	\N	\N
30	8	12	\N	\N
31	8	13	\N	\N
32	8	7	\N	\N
33	8	6	\N	\N
42	7	4	\N	\N
45	7	11	\N	\N
46	7	12	\N	\N
47	7	13	\N	\N
50	7	163	\N	\N
51	7	164	\N	\N
52	280	1	\N	\N
53	280	13	\N	\N
54	280	11	\N	\N
55	280	12	\N	\N
56	280	4	\N	\N
57	280	\N	Status do Processo	p_status
59	280	\N	Inicio do Processo	p_inicio
58	280	\N	No Posto desde	wt_inicio
60	4	\N	No Posto desde	wt_inicio
61	2	\N	No Posto desde	wt_inicio
62	3	\N	No Posto desde	wt_inicio
63	5	\N	No Posto desde	wt_inicio
64	6	\N	No Posto desde	wt_inicio
65	7	\N	No Posto desde	wt_inicio
66	8	\N	No Posto desde	wt_inicio
67	3	166	\N	\N
68	4	166	\N	\N
69	5	166	\N	\N
70	6	166	\N	\N
71	7	166	\N	\N
72	8	166	\N	\N
73	280	166	\N	\N
74	280	177	\N	\N
75	287	11	\N	\N
76	287	12	\N	\N
77	287	13	\N	\N
78	287	\N	No Posto desde	wt_inicio
79	287	166	\N	\N
80	4	182	\N	\N
81	4	180	\N	\N
82	290	13	\N	\N
83	290	174	\N	\N
84	290	1	\N	\N
\.


--
-- Name: postos_campo_lista_id_seq; Type: SEQUENCE SET; Schema: public; Owner: postgres
--

SELECT pg_catalog.setval('postos_campo_lista_id_seq', 84, true);


--
-- Data for Name: processos; Type: TABLE DATA; Schema: public; Owner: postgres
--

COPY processos (id, idpai, idtipoprocesso, inicio, idworkflow, status, regra_finalizacao) FROM stdin;
47597	\N	1	2016-06-02 00:43:47.698637	1	Em Andamento	\N
47598	47597	4	2016-06-02 00:43:56.12558	1	Em Andamento	\N
47600	47599	3	2016-06-02 00:44:17.160837	1	Em Andamento	\N
47601	47599	3	2016-06-02 00:44:17.195865	1	Em Andamento	\N
47603	47602	3	2016-06-02 00:44:40.244287	1	Em Andamento	\N
47604	47602	3	2016-06-02 00:44:40.281218	1	Em Andamento	\N
47599	47597	2	2016-06-02 00:44:17.156125	1	Em Andamento	\N
47602	47597	2	2016-06-02 00:44:40.24079	1	Em Andamento	\N
\.


--
-- Name: processos_id_seq; Type: SEQUENCE SET; Schema: public; Owner: postgres
--

SELECT pg_catalog.setval('processos_id_seq', 47604, true);


--
-- Data for Name: relacionamento_postos; Type: TABLE DATA; Schema: public; Owner: postgres
--

COPY relacionamento_postos (id, avanca_processo, idposto_atual) FROM stdin;
1	7	278
2	\N	280
3	4	281
4	4	282
5	280	283
6	7	284
7	4	285
8	280	286
9	280	279
11	\N	3
12	3	273
13	\N	4
14	\N	5
15	\N	6
16	\N	7
17	5	275
18	6	276
19	8	277
20	\N	8
21	\N	2
22	2	1
23	287	273
25	293	292
26	295	294
\.


--
-- Name: relacionamento_postos_id_seq; Type: SEQUENCE SET; Schema: public; Owner: postgres
--

SELECT pg_catalog.setval('relacionamento_postos_id_seq', 26, true);


--
-- Data for Name: sla; Type: TABLE DATA; Schema: public; Owner: postgres
--

COPY sla (id, nomeregra, idnotificacao, tabela, sla_emhorascorridas, campo_calculado, campo_localizador, valor_localizador, where_tabela, idpai) FROM stdin;
41	Tempo no posto Roteamento	8	workflow_tramitacao wt	1	wt.inicio	wt.id	4	wt.fim is null and wt.idworkflowposto = 4	\N
46	Tempo no Posto Negociar com COnsultoria	9	workflow_tramitacao wt	1	wt.inicio	wt.id	8	wt.fim is null and wt.idworkflowposto = 8	\N
45	Tempo no Posto Entrevistados	10	workflow_tramitacao wt	1	wt.inicio	wt.id	6	wt.fim is null and wt.idworkflowposto = 6	\N
44	Tempo no Posto Entrevista Presencial	11	workflow_tramitacao wt	1	wt.inicio	wt.id	5	wt.fim is null and wt.idworkflowposto = 5	\N
42	Tempo no Posto Primeira Avaliação	12	workflow_tramitacao wt	1	wt.inicio	wt.id	3	wt.fim is null and wt.idworkflowposto = 3	\N
43	Tempo no Posto Segunda Avaliação	12	workflow_tramitacao wt	1	wt.inicio	wt.id	287	wt.fim is null and wt.idworkflowposto = 287	\N
39	Tempo no Posto Onboarding	13	workflow_tramitacao wt	1	wt.inicio	wt.id	7	wt.fim is null and wt.idworkflowposto = 7	\N
40	Tempo máximo de Candidatura	14	processos p	1	p.inicio	p.id		p.status IN (null,   'Em Andamento') and p.idtipoprocesso = 2	\N
49	Escalonamento, nível 1, Tempo máximo de candidatura	17	sla_notificacoes sn 	1	sn.datanotificacao	sn.chave	\N	sn.idsla = 40	40
48	Escalonamento, nível 2, posto Primeira Avaliação	16	sla_notificacoes sn	1	sn.datanotificacao	sn.chave	\N	sn.idsla = 47	47
50	Escalonamento nível 2, tempo máximo de processo do candidato	18	sla_notificacoes sn	1	sn.datanotificacao	sn.chave	\N	sn.idsla = 49	49
47	Escalonamento, nível 1, posto Primeira Avaliação	15	sla_notificacoes sn	1	sn.datanotificacao	sn.chave	\N	sn.idsla = 42	42
\.


--
-- Name: sla_id_seq; Type: SEQUENCE SET; Schema: public; Owner: postgres
--

SELECT pg_catalog.setval('sla_id_seq', 50, true);


--
-- Data for Name: sla_notificacoes; Type: TABLE DATA; Schema: public; Owner: postgres
--

COPY sla_notificacoes (id, idsla, datanotificacao, chave) FROM stdin;
28204	42	2016-06-02 00:45:21.809252	2714
28205	43	2016-06-02 00:45:21.825402	2715
28206	43	2016-06-02 00:45:40.887218	2717
28207	40	2016-06-02 00:45:52.936407	47602
28208	40	2016-06-02 00:46:28.436043	47599
28209	47	2016-06-02 00:46:28.476649	2714
28210	41	2016-06-02 00:46:53.095521	2718
28211	40	2016-06-02 00:46:53.135475	47602
28212	49	2016-06-02 00:46:53.152134	47602
28213	40	2016-06-02 00:47:29.560697	47599
28214	49	2016-06-02 00:47:29.599548	47599
28215	48	2016-06-02 00:47:29.646418	2714
28216	47	2016-06-02 00:47:29.670059	2714
\.


--
-- Name: sla_notificacoes_id_seq; Type: SEQUENCE SET; Schema: public; Owner: postgres
--

SELECT pg_catalog.setval('sla_notificacoes_id_seq', 28216, true);


--
-- Data for Name: tecnologias; Type: TABLE DATA; Schema: public; Owner: postgres
--

COPY tecnologias (id, tecnologia) FROM stdin;
2	python
3	ruby
4	javascript
\.


--
-- Name: tecnologias_id_seq; Type: SEQUENCE SET; Schema: public; Owner: postgres
--

SELECT pg_catalog.setval('tecnologias_id_seq', 48, true);


--
-- Data for Name: tipos_processo; Type: TABLE DATA; Schema: public; Owner: postgres
--

COPY tipos_processo (id, tipo, id_pai, regra_finalizacao, regra_handover, avanca_processo_filhos_fechados) FROM stdin;
3	Avaliação	2	\N	ANYTIME	\N
1	Vaga	\N	\N	ANYTIME	\N
4	Prospecção	1	\N	ANYTIME	\N
2	Candidato	1	\N	TODOS_FILHOS_FECHADOS	4
\.


--
-- Name: tipos_processo_id_seq; Type: SEQUENCE SET; Schema: public; Owner: postgres
--

SELECT pg_catalog.setval('tipos_processo_id_seq', 4, true);


--
-- Data for Name: usuario_atores; Type: TABLE DATA; Schema: public; Owner: postgres
--

COPY usuario_atores (id, idusuario, idator) FROM stdin;
86	1	85
87	2	3
88	1	5
89	3	2
90	4	2
91	4	3
92	4	5
93	4	85
94	5	2
95	6	2
96	7	2
\.


--
-- Name: usuario_atores_id_seq; Type: SEQUENCE SET; Schema: public; Owner: postgres
--

SELECT pg_catalog.setval('usuario_atores_id_seq', 96, true);


--
-- Data for Name: usuarios; Type: TABLE DATA; Schema: public; Owner: postgres
--

COPY usuarios (id, email, nome, senha, login, admin) FROM stdin;
2	babirondo@gmail.com	Analista de Seleção	analista	analista	\N
1	babirondo@gmail.com	Bruno Siqueira	bruno	bruno	\N
3	babirondo@gmail.com	Dev Avaliador	dev	dev	\N
5	\N	Dev 2	dev2	dev2	\N
6	\N	Dev 3	dev3	dev3	\N
7	\N	Dev 1	dev1	dev1	\N
4	babirondo@gmail.com	Total	total	total	1
\.


--
-- Data for Name: usuarios_avaliadores_tecnologias; Type: TABLE DATA; Schema: public; Owner: postgres
--

COPY usuarios_avaliadores_tecnologias (id, idusuario, idtecnologia) FROM stdin;
\.


--
-- Name: usuarios_avaliadores_tecnologias_id_seq; Type: SEQUENCE SET; Schema: public; Owner: postgres
--

SELECT pg_catalog.setval('usuarios_avaliadores_tecnologias_id_seq', 36, true);


--
-- Name: usuarios_id_seq; Type: SEQUENCE SET; Schema: public; Owner: postgres
--

SELECT pg_catalog.setval('usuarios_id_seq', 7, true);


--
-- Data for Name: workflow; Type: TABLE DATA; Schema: public; Owner: postgres
--

COPY workflow (id, workflow, posto_inicial, posto_final, penultimo_posto) FROM stdin;
25	fluxo 2 	\N	\N	\N
1	recrutamento e slecao de dev	1	280	7
\.


--
-- Data for Name: workflow_dados; Type: TABLE DATA; Schema: public; Owner: postgres
--

COPY workflow_dados (id, idpostocampo, valor, idprocesso, registro, idposto) FROM stdin;
5929	13	fletwood mac	47597	2016-06-02 00:43:47.700091	1
5930	174	k	47597	2016-06-02 00:43:47.700614	1
5931	1	k	47597	2016-06-02 00:43:47.701164	1
5932	184	biglove@	47598	2016-06-02 00:43:56.127312	294
5933	11	hits	47599	2016-06-02 00:44:17.158227	273
5934	2	k	47599	2016-06-02 00:44:17.158904	273
5935	166	k	47599	2016-06-02 00:44:17.15934	273
5936	182	k	47599	2016-06-02 00:44:17.159788	273
5937	12	k	47599	2016-06-02 00:44:17.160177	273
5938	11	the knack	47602	2016-06-02 00:44:40.241698	273
5939	2	k	47602	2016-06-02 00:44:40.242497	273
5940	166	k	47602	2016-06-02 00:44:40.242862	273
5941	182	k	47602	2016-06-02 00:44:40.243264	273
5942	12	k	47602	2016-06-02 00:44:40.243664	273
5943	4	pl	47603	2016-06-02 00:45:21.525354	274
5944	10	lll	47603	2016-06-02 00:45:21.527392	274
5945	4	espec	47600	2016-06-02 00:45:28.573545	274
5946	10	 mm	47600	2016-06-02 00:45:28.576756	274
5947	180	jr	47604	2016-06-02 00:45:52.480801	288
5948	181	sharona	47604	2016-06-02 00:45:52.482883	288
5949	180	pl	47601	2016-06-02 00:46:28.004826	288
5950	181	top hits	47601	2016-06-02 00:46:28.007471	288
5951	172	my hsarona	47599	2016-06-02 00:46:57.730763	286
5952	170	billboard	47599	2016-06-02 00:47:10.501803	285
5953	5	siqueira	47602	2016-06-02 00:47:21.571597	275
5954	167	quero nao	47602	2016-06-02 00:47:32.397899	281
\.


--
-- Name: workflow_dados_id_seq; Type: SEQUENCE SET; Schema: public; Owner: postgres
--

SELECT pg_catalog.setval('workflow_dados_id_seq', 5954, true);


--
-- Name: workflow_id_seq; Type: SEQUENCE SET; Schema: public; Owner: postgres
--

SELECT pg_catalog.setval('workflow_id_seq', 25, true);


--
-- Data for Name: workflow_postos; Type: TABLE DATA; Schema: public; Owner: postgres
--

COPY workflow_postos (id, id_workflow, idator, posto, ordem_cronologica, principal, lista, idtipoprocesso, starter, notif_saindoposto, notif_entrandoposto, tipodesignacao, regra_finalizacao) FROM stdin;
281	1	85	Reprovacão de Candidato	\N	0	F	2	\N	\N	\N	\N	\N
282	1	85	Reprovacão de Candidato ja entrevistado	\N	0	F	2	\N	\N	\N	\N	\N
283	1	85	Negociacão Falha	\N	0	F	2	\N	\N	\N	\N	\N
284	1	85	TESTE	\N	0	F	2	\N	\N	\N	\N	\N
285	1	85	Re Ativar Processo Seletivo para este candidato	\N	0	F	2	\N	\N	\N	\N	\N
286	1	85	Arquivar processo de Candidato	\N	0	F	2	\N	\N	\N	\N	\N
275	1	\N	Encaminhar para Gestor	\N	0	F	2	\N	\N	\N	\N	\N
276	1	\N	Dados da Entrevista	\N	0	F	2	\N	\N	\N	\N	\N
277	1	\N	Encaminhar para Negociacão	\N	0	F	2	\N	\N	\N	\N	\N
274	1	1	Classificação de Senioridade	\N	0	F	3	\N	\N	\N	\N	\N
288	1	1	Classificação de Senioridade	\N	0	F	3	\N	\N	\N	\N	\N
287	1	2	Segunda Avaliação	3	1	L	3	\N	\N	\N	AUTO-DIRECIONADO	\N
3	1	2	Primeira Avaliação	3	1	L	3	\N	\N	2	AUTO-DIRECIONADO	\N
278	1	\N	Dados da Contratação	\N	0	F	2	\N	\N	\N	\N	\N
279	1	\N	Onboarding de novo membro	\N	0	F	2	\N	\N	\N	\N	\N
289	1	85	Relatórios	9	1	R	\N	\N	\N	\N	\N	\N
273	1	3	lançar candidato	\N	0	F	3	0	\N	\N	\N	\N
2	1	3	Vagas em Aberto	2	1	L	1	1	\N	\N	\N	\N
4	1	85	Candidatos Classificados	4	1	L	2	\N	\N	3	\N	\N
5	1	85	Candidatos para Entrevistar	5	1	L	2	\N	\N	4	\N	\N
6	1	85	Candidatos já Entrevistados	6	1	L	2	\N	\N	\N	\N	\N
8	1	85	Candidatos em Negociação	7	1	L	2	\N	6	5	\N	\N
292	1	85	Encerrar Vaga	\N	0	F	1	\N	\N	\N	\N	\N
280	1	\N	Candidatos Arquivados	9	1	L	\N	\N	\N	\N	\N	\N
293	1	85	Vagas Arquivadas	\N	0	L	1	\N	\N	\N	\N	\N
7	1	85	Aguardando Onboarding	8	1	L	2	\N	7	\N	\N	\N
1	1	85	Lançar nova Vaga	0	0	F	1	1	1	\N	\N	\N
294	1	85	Enviar vaga para novos destinatários	\N	0	F	4	\N	\N	\N	\N	\N
295	1	85	Prospecções em Andamento	\N	0	L	4	\N	\N	\N	\N	\N
\.


--
-- Name: workflow_postos_id_seq; Type: SEQUENCE SET; Schema: public; Owner: postgres
--

SELECT pg_catalog.setval('workflow_postos_id_seq', 295, true);


--
-- Data for Name: workflow_tramitacao; Type: TABLE DATA; Schema: public; Owner: postgres
--

COPY workflow_tramitacao (id, idprocesso, idworkflowposto, inicio, fim, id_usuario_associado) FROM stdin;
2711	47597	1	2016-06-02 00:43:47.701917	2016-06-02 00:43:47.701917	\N
2712	47597	2	2016-06-02 00:43:47.740424	\N	\N
2713	47598	295	2016-06-02 00:43:56.128136	\N	\N
2716	47603	3	2016-06-02 00:44:40.244947	2016-06-02 00:45:21.528286	3
2714	47600	3	2016-06-02 00:44:17.161556	2016-06-02 00:45:28.578829	3
2717	47604	287	2016-06-02 00:44:40.281841	2016-06-02 00:45:52.484437	7
2715	47601	287	2016-06-02 00:44:17.196616	2016-06-02 00:46:28.008674	7
2719	47599	4	2016-06-02 00:46:28.041637	2016-06-02 00:46:57.810839	\N
2721	47599	4	2016-06-02 00:47:10.504402	\N	\N
2720	47599	280	2016-06-02 00:46:57.733668	2016-06-02 00:47:10.587911	\N
2718	47602	4	2016-06-02 00:45:52.510276	2016-06-02 00:47:21.655012	\N
2723	47602	4	2016-06-02 00:47:32.400418	\N	\N
2722	47602	5	2016-06-02 00:47:21.574189	2016-06-02 00:47:32.478629	\N
\.


--
-- Name: workflow_tramitacao_id_seq; Type: SEQUENCE SET; Schema: public; Owner: postgres
--

SELECT pg_catalog.setval('workflow_tramitacao_id_seq', 2723, true);


--
-- Name: public; Type: ACL; Schema: -; Owner: bsiquei
--

REVOKE ALL ON SCHEMA public FROM PUBLIC;
REVOKE ALL ON SCHEMA public FROM bsiquei;
GRANT ALL ON SCHEMA public TO bsiquei;
GRANT ALL ON SCHEMA public TO postgres;
GRANT ALL ON SCHEMA public TO PUBLIC;


--
-- PostgreSQL database dump complete
--

