--
-- PostgreSQL database dump
--

-- Dumped from database version 9.5.2
-- Dumped by pg_dump version 9.5.2

SET statement_timeout = 0;
SET lock_timeout = 0;
SET client_encoding = 'UTF8';
SET standard_conforming_strings = on;
SET check_function_bodies = false;
SET client_min_messages = warning;
SET row_security = off;

--
-- Name: customworkflow; Type: DATABASE; Schema: -; Owner: postgres
--

CREATE DATABASE customworkflow WITH TEMPLATE = template0 ENCODING = 'UTF8' LC_COLLATE = 'C' LC_CTYPE = 'C';


ALTER DATABASE customworkflow OWNER TO postgres;

\connect customworkflow

SET statement_timeout = 0;
SET lock_timeout = 0;
SET client_encoding = 'UTF8';
SET standard_conforming_strings = on;
SET check_function_bodies = false;
SET client_min_messages = warning;
SET row_security = off;

--
-- Name: plpgsql; Type: EXTENSION; Schema: -; Owner: 
--

CREATE EXTENSION IF NOT EXISTS plpgsql WITH SCHEMA pg_catalog;


--
-- Name: EXTENSION plpgsql; Type: COMMENT; Schema: -; Owner: 
--

COMMENT ON EXTENSION plpgsql IS 'PL/pgSQL procedural language';


SET search_path = public, pg_catalog;

SET default_tablespace = '';

SET default_with_oids = false;

--
-- Name: atores; Type: TABLE; Schema: public; Owner: postgres
--

CREATE TABLE atores (
    id integer NOT NULL,
    ator character varying
);


ALTER TABLE atores OWNER TO postgres;

--
-- Name: atores_id_seq; Type: SEQUENCE; Schema: public; Owner: postgres
--

CREATE SEQUENCE atores_id_seq
    START WITH 1
    INCREMENT BY 1
    NO MINVALUE
    NO MAXVALUE
    CACHE 1;


ALTER TABLE atores_id_seq OWNER TO postgres;

--
-- Name: atores_id_seq; Type: SEQUENCE OWNED BY; Schema: public; Owner: postgres
--

ALTER SEQUENCE atores_id_seq OWNED BY atores.id;


--
-- Name: notificacoes_email; Type: TABLE; Schema: public; Owner: postgres
--

CREATE TABLE notificacoes_email (
    id integer NOT NULL,
    de character varying,
    para character varying,
    titulo character varying,
    corpo character varying
);


ALTER TABLE notificacoes_email OWNER TO postgres;

--
-- Name: TABLE notificacoes_email; Type: COMMENT; Schema: public; Owner: postgres
--

COMMENT ON TABLE notificacoes_email IS 'o campo corpo, tem os seguintes parametros:
{preenchido_no_posto} -> conteudo dos campos preenchidos no posto
{idprocesso} -> idprocesso do registro


 ';


--
-- Name: notificacoes_email_id_seq; Type: SEQUENCE; Schema: public; Owner: postgres
--

CREATE SEQUENCE notificacoes_email_id_seq
    START WITH 1
    INCREMENT BY 1
    NO MINVALUE
    NO MAXVALUE
    CACHE 1;


ALTER TABLE notificacoes_email_id_seq OWNER TO postgres;

--
-- Name: notificacoes_email_id_seq; Type: SEQUENCE OWNED BY; Schema: public; Owner: postgres
--

ALTER SEQUENCE notificacoes_email_id_seq OWNED BY notificacoes_email.id;


--
-- Name: posto_acao; Type: TABLE; Schema: public; Owner: postgres
--

CREATE TABLE posto_acao (
    id integer NOT NULL,
    idposto integer,
    acao character varying,
    goto integer
);


ALTER TABLE posto_acao OWNER TO postgres;

--
-- Name: posto_acao_id_seq; Type: SEQUENCE; Schema: public; Owner: postgres
--

CREATE SEQUENCE posto_acao_id_seq
    START WITH 1
    INCREMENT BY 1
    NO MINVALUE
    NO MAXVALUE
    CACHE 1;


ALTER TABLE posto_acao_id_seq OWNER TO postgres;

--
-- Name: posto_acao_id_seq; Type: SEQUENCE OWNED BY; Schema: public; Owner: postgres
--

ALTER SEQUENCE posto_acao_id_seq OWNED BY posto_acao.id;


--
-- Name: postos_campo; Type: TABLE; Schema: public; Owner: postgres
--

CREATE TABLE postos_campo (
    id integer NOT NULL,
    idposto integer,
    campo character varying,
    obrigatorio integer,
    maxlenght integer,
    inputtype character varying,
    txtarea_cols integer,
    txtarea_rows integer
);


ALTER TABLE postos_campo OWNER TO postgres;

--
-- Name: postos_campo_id_seq; Type: SEQUENCE; Schema: public; Owner: postgres
--

CREATE SEQUENCE postos_campo_id_seq
    START WITH 1
    INCREMENT BY 1
    NO MINVALUE
    NO MAXVALUE
    CACHE 1;


ALTER TABLE postos_campo_id_seq OWNER TO postgres;

--
-- Name: postos_campo_id_seq; Type: SEQUENCE OWNED BY; Schema: public; Owner: postgres
--

ALTER SEQUENCE postos_campo_id_seq OWNED BY postos_campo.id;


--
-- Name: postos_campo_lista; Type: TABLE; Schema: public; Owner: postgres
--

CREATE TABLE postos_campo_lista (
    id integer NOT NULL,
    idposto integer,
    idpostocampo integer,
    atributo_campo character varying,
    atributo_valor character varying
);


ALTER TABLE postos_campo_lista OWNER TO postgres;

--
-- Name: postos_campo_lista_id_seq; Type: SEQUENCE; Schema: public; Owner: postgres
--

CREATE SEQUENCE postos_campo_lista_id_seq
    START WITH 1
    INCREMENT BY 1
    NO MINVALUE
    NO MAXVALUE
    CACHE 1;


ALTER TABLE postos_campo_lista_id_seq OWNER TO postgres;

--
-- Name: postos_campo_lista_id_seq; Type: SEQUENCE OWNED BY; Schema: public; Owner: postgres
--

ALTER SEQUENCE postos_campo_lista_id_seq OWNED BY postos_campo_lista.id;


--
-- Name: processos; Type: TABLE; Schema: public; Owner: postgres
--

CREATE TABLE processos (
    id integer NOT NULL,
    idpai integer,
    idtipoprocesso integer,
    inicio timestamp without time zone,
    idworkflow integer,
    status character varying,
    regra_finalizacao character varying
);


ALTER TABLE processos OWNER TO postgres;

--
-- Name: processos_id_seq; Type: SEQUENCE; Schema: public; Owner: postgres
--

CREATE SEQUENCE processos_id_seq
    START WITH 1
    INCREMENT BY 1
    NO MINVALUE
    NO MAXVALUE
    CACHE 1;


ALTER TABLE processos_id_seq OWNER TO postgres;

--
-- Name: processos_id_seq; Type: SEQUENCE OWNED BY; Schema: public; Owner: postgres
--

ALTER SEQUENCE processos_id_seq OWNED BY processos.id;


--
-- Name: relacionamento_postos; Type: TABLE; Schema: public; Owner: bsiquei
--

CREATE TABLE relacionamento_postos (
    id integer NOT NULL,
    avanca_processo integer,
    idposto_atual integer
);


ALTER TABLE relacionamento_postos OWNER TO bsiquei;

--
-- Name: relacionamento_postos_id_seq; Type: SEQUENCE; Schema: public; Owner: bsiquei
--

CREATE SEQUENCE relacionamento_postos_id_seq
    START WITH 1
    INCREMENT BY 1
    NO MINVALUE
    NO MAXVALUE
    CACHE 1;


ALTER TABLE relacionamento_postos_id_seq OWNER TO bsiquei;

--
-- Name: relacionamento_postos_id_seq; Type: SEQUENCE OWNED BY; Schema: public; Owner: bsiquei
--

ALTER SEQUENCE relacionamento_postos_id_seq OWNED BY relacionamento_postos.id;


--
-- Name: tecnologias; Type: TABLE; Schema: public; Owner: postgres
--

CREATE TABLE tecnologias (
    id integer NOT NULL,
    tecnologia character varying
);


ALTER TABLE tecnologias OWNER TO postgres;

--
-- Name: tecnologias_id_seq; Type: SEQUENCE; Schema: public; Owner: postgres
--

CREATE SEQUENCE tecnologias_id_seq
    START WITH 1
    INCREMENT BY 1
    NO MINVALUE
    NO MAXVALUE
    CACHE 1;


ALTER TABLE tecnologias_id_seq OWNER TO postgres;

--
-- Name: tecnologias_id_seq; Type: SEQUENCE OWNED BY; Schema: public; Owner: postgres
--

ALTER SEQUENCE tecnologias_id_seq OWNED BY tecnologias.id;


--
-- Name: tipos_processo; Type: TABLE; Schema: public; Owner: postgres
--

CREATE TABLE tipos_processo (
    id integer NOT NULL,
    tipo character varying,
    id_pai integer,
    regra_finalizacao character varying,
    regra_handover character varying
);


ALTER TABLE tipos_processo OWNER TO postgres;

--
-- Name: tipos_processo_id_seq; Type: SEQUENCE; Schema: public; Owner: postgres
--

CREATE SEQUENCE tipos_processo_id_seq
    START WITH 1
    INCREMENT BY 1
    NO MINVALUE
    NO MAXVALUE
    CACHE 1;


ALTER TABLE tipos_processo_id_seq OWNER TO postgres;

--
-- Name: tipos_processo_id_seq; Type: SEQUENCE OWNED BY; Schema: public; Owner: postgres
--

ALTER SEQUENCE tipos_processo_id_seq OWNED BY tipos_processo.id;


--
-- Name: usuario_atores; Type: TABLE; Schema: public; Owner: postgres
--

CREATE TABLE usuario_atores (
    id integer NOT NULL,
    idusuario integer,
    idator integer
);


ALTER TABLE usuario_atores OWNER TO postgres;

--
-- Name: usuario_atores_id_seq; Type: SEQUENCE; Schema: public; Owner: postgres
--

CREATE SEQUENCE usuario_atores_id_seq
    START WITH 1
    INCREMENT BY 1
    NO MINVALUE
    NO MAXVALUE
    CACHE 1;


ALTER TABLE usuario_atores_id_seq OWNER TO postgres;

--
-- Name: usuario_atores_id_seq; Type: SEQUENCE OWNED BY; Schema: public; Owner: postgres
--

ALTER SEQUENCE usuario_atores_id_seq OWNED BY usuario_atores.id;


--
-- Name: usuarios; Type: TABLE; Schema: public; Owner: postgres
--

CREATE TABLE usuarios (
    id integer NOT NULL,
    email character varying,
    nome character varying,
    senha character varying,
    login character varying
);


ALTER TABLE usuarios OWNER TO postgres;

--
-- Name: usuarios_avaliadores_tecnologias; Type: TABLE; Schema: public; Owner: postgres
--

CREATE TABLE usuarios_avaliadores_tecnologias (
    id integer NOT NULL,
    idusuario integer,
    idtecnologia integer
);


ALTER TABLE usuarios_avaliadores_tecnologias OWNER TO postgres;

--
-- Name: usuarios_avaliadores_tecnologias_id_seq; Type: SEQUENCE; Schema: public; Owner: postgres
--

CREATE SEQUENCE usuarios_avaliadores_tecnologias_id_seq
    START WITH 1
    INCREMENT BY 1
    NO MINVALUE
    NO MAXVALUE
    CACHE 1;


ALTER TABLE usuarios_avaliadores_tecnologias_id_seq OWNER TO postgres;

--
-- Name: usuarios_avaliadores_tecnologias_id_seq; Type: SEQUENCE OWNED BY; Schema: public; Owner: postgres
--

ALTER SEQUENCE usuarios_avaliadores_tecnologias_id_seq OWNED BY usuarios_avaliadores_tecnologias.id;


--
-- Name: usuarios_id_seq; Type: SEQUENCE; Schema: public; Owner: postgres
--

CREATE SEQUENCE usuarios_id_seq
    START WITH 1
    INCREMENT BY 1
    NO MINVALUE
    NO MAXVALUE
    CACHE 1;


ALTER TABLE usuarios_id_seq OWNER TO postgres;

--
-- Name: usuarios_id_seq; Type: SEQUENCE OWNED BY; Schema: public; Owner: postgres
--

ALTER SEQUENCE usuarios_id_seq OWNED BY usuarios.id;


--
-- Name: workflow; Type: TABLE; Schema: public; Owner: postgres
--

CREATE TABLE workflow (
    id integer NOT NULL,
    workflow character varying,
    posto_inicial integer,
    posto_final integer,
    penultimo_posto integer
);


ALTER TABLE workflow OWNER TO postgres;

--
-- Name: workflow_dados; Type: TABLE; Schema: public; Owner: postgres
--

CREATE TABLE workflow_dados (
    id integer NOT NULL,
    idpostocampo integer,
    valor character varying,
    idprocesso integer,
    registro timestamp without time zone,
    idposto integer
);


ALTER TABLE workflow_dados OWNER TO postgres;

--
-- Name: workflow_dados_id_seq; Type: SEQUENCE; Schema: public; Owner: postgres
--

CREATE SEQUENCE workflow_dados_id_seq
    START WITH 1
    INCREMENT BY 1
    NO MINVALUE
    NO MAXVALUE
    CACHE 1;


ALTER TABLE workflow_dados_id_seq OWNER TO postgres;

--
-- Name: workflow_dados_id_seq; Type: SEQUENCE OWNED BY; Schema: public; Owner: postgres
--

ALTER SEQUENCE workflow_dados_id_seq OWNED BY workflow_dados.id;


--
-- Name: workflow_id_seq; Type: SEQUENCE; Schema: public; Owner: postgres
--

CREATE SEQUENCE workflow_id_seq
    START WITH 1
    INCREMENT BY 1
    NO MINVALUE
    NO MAXVALUE
    CACHE 1;


ALTER TABLE workflow_id_seq OWNER TO postgres;

--
-- Name: workflow_id_seq; Type: SEQUENCE OWNED BY; Schema: public; Owner: postgres
--

ALTER SEQUENCE workflow_id_seq OWNED BY workflow.id;


--
-- Name: workflow_postos; Type: TABLE; Schema: public; Owner: postgres
--

CREATE TABLE workflow_postos (
    id integer NOT NULL,
    id_workflow integer,
    idator integer,
    posto character varying,
    ordem_cronologica integer,
    principal integer,
    lista character varying,
    idtipoprocesso integer,
    starter integer,
    avanca_processo integer,
    notif_saindoposto integer,
    notif_entrandoposto integer,
    tipodesignacao character varying,
    regra_finalizacao character varying
);


ALTER TABLE workflow_postos OWNER TO postgres;

--
-- Name: workflow_postos_id_seq; Type: SEQUENCE; Schema: public; Owner: postgres
--

CREATE SEQUENCE workflow_postos_id_seq
    START WITH 1
    INCREMENT BY 1
    NO MINVALUE
    NO MAXVALUE
    CACHE 1;


ALTER TABLE workflow_postos_id_seq OWNER TO postgres;

--
-- Name: workflow_postos_id_seq; Type: SEQUENCE OWNED BY; Schema: public; Owner: postgres
--

ALTER SEQUENCE workflow_postos_id_seq OWNED BY workflow_postos.id;


--
-- Name: workflow_tramitacao; Type: TABLE; Schema: public; Owner: postgres
--

CREATE TABLE workflow_tramitacao (
    id integer NOT NULL,
    idprocesso integer,
    idworkflowposto integer,
    inicio timestamp without time zone,
    fim timestamp without time zone
);


ALTER TABLE workflow_tramitacao OWNER TO postgres;

--
-- Name: TABLE workflow_tramitacao; Type: COMMENT; Schema: public; Owner: postgres
--

COMMENT ON TABLE workflow_tramitacao IS 'tipodesignacao = LIVRE - qualquer um pode trabalhar no processo daquele posto
tipodesignacao = ASSUMIR - qualquer usuario pode reinvicar o processo daquele posto
tipodesignacao = AUTO-DIRECIONADO - os processos serão automaticamente distribuidos';


--
-- Name: workflow_tramitacao_id_seq; Type: SEQUENCE; Schema: public; Owner: postgres
--

CREATE SEQUENCE workflow_tramitacao_id_seq
    START WITH 1
    INCREMENT BY 1
    NO MINVALUE
    NO MAXVALUE
    CACHE 1;


ALTER TABLE workflow_tramitacao_id_seq OWNER TO postgres;

--
-- Name: workflow_tramitacao_id_seq; Type: SEQUENCE OWNED BY; Schema: public; Owner: postgres
--

ALTER SEQUENCE workflow_tramitacao_id_seq OWNED BY workflow_tramitacao.id;


--
-- Name: id; Type: DEFAULT; Schema: public; Owner: postgres
--

ALTER TABLE ONLY atores ALTER COLUMN id SET DEFAULT nextval('atores_id_seq'::regclass);


--
-- Name: id; Type: DEFAULT; Schema: public; Owner: postgres
--

ALTER TABLE ONLY notificacoes_email ALTER COLUMN id SET DEFAULT nextval('notificacoes_email_id_seq'::regclass);


--
-- Name: id; Type: DEFAULT; Schema: public; Owner: postgres
--

ALTER TABLE ONLY posto_acao ALTER COLUMN id SET DEFAULT nextval('posto_acao_id_seq'::regclass);


--
-- Name: id; Type: DEFAULT; Schema: public; Owner: postgres
--

ALTER TABLE ONLY postos_campo ALTER COLUMN id SET DEFAULT nextval('postos_campo_id_seq'::regclass);


--
-- Name: id; Type: DEFAULT; Schema: public; Owner: postgres
--

ALTER TABLE ONLY postos_campo_lista ALTER COLUMN id SET DEFAULT nextval('postos_campo_lista_id_seq'::regclass);


--
-- Name: id; Type: DEFAULT; Schema: public; Owner: postgres
--

ALTER TABLE ONLY processos ALTER COLUMN id SET DEFAULT nextval('processos_id_seq'::regclass);


--
-- Name: id; Type: DEFAULT; Schema: public; Owner: bsiquei
--

ALTER TABLE ONLY relacionamento_postos ALTER COLUMN id SET DEFAULT nextval('relacionamento_postos_id_seq'::regclass);


--
-- Name: id; Type: DEFAULT; Schema: public; Owner: postgres
--

ALTER TABLE ONLY tecnologias ALTER COLUMN id SET DEFAULT nextval('tecnologias_id_seq'::regclass);


--
-- Name: id; Type: DEFAULT; Schema: public; Owner: postgres
--

ALTER TABLE ONLY tipos_processo ALTER COLUMN id SET DEFAULT nextval('tipos_processo_id_seq'::regclass);


--
-- Name: id; Type: DEFAULT; Schema: public; Owner: postgres
--

ALTER TABLE ONLY usuario_atores ALTER COLUMN id SET DEFAULT nextval('usuario_atores_id_seq'::regclass);


--
-- Name: id; Type: DEFAULT; Schema: public; Owner: postgres
--

ALTER TABLE ONLY usuarios ALTER COLUMN id SET DEFAULT nextval('usuarios_id_seq'::regclass);


--
-- Name: id; Type: DEFAULT; Schema: public; Owner: postgres
--

ALTER TABLE ONLY usuarios_avaliadores_tecnologias ALTER COLUMN id SET DEFAULT nextval('usuarios_avaliadores_tecnologias_id_seq'::regclass);


--
-- Name: id; Type: DEFAULT; Schema: public; Owner: postgres
--

ALTER TABLE ONLY workflow ALTER COLUMN id SET DEFAULT nextval('workflow_id_seq'::regclass);


--
-- Name: id; Type: DEFAULT; Schema: public; Owner: postgres
--

ALTER TABLE ONLY workflow_dados ALTER COLUMN id SET DEFAULT nextval('workflow_dados_id_seq'::regclass);


--
-- Name: id; Type: DEFAULT; Schema: public; Owner: postgres
--

ALTER TABLE ONLY workflow_postos ALTER COLUMN id SET DEFAULT nextval('workflow_postos_id_seq'::regclass);


--
-- Name: id; Type: DEFAULT; Schema: public; Owner: postgres
--

ALTER TABLE ONLY workflow_tramitacao ALTER COLUMN id SET DEFAULT nextval('workflow_tramitacao_id_seq'::regclass);


--
-- Data for Name: atores; Type: TABLE DATA; Schema: public; Owner: postgres
--

COPY atores (id, ator) FROM stdin;
2	avaliador
3	analista selecao
5	gestor selecao
85	Gestor Funcional
\.


--
-- Name: atores_id_seq; Type: SEQUENCE SET; Schema: public; Owner: postgres
--

SELECT pg_catalog.setval('atores_id_seq', 85, true);


--
-- Data for Name: notificacoes_email; Type: TABLE DATA; Schema: public; Owner: postgres
--

COPY notificacoes_email (id, de, para, titulo, corpo) FROM stdin;
4	devcontrat@walmart.com	{gestor interessado}	[Processo de Contratacão] Entrevista Candidato: {nome}	{gestor interessado},\n\nFavor entrevista o candidato {nome} o mais rapido possivel, caso ele nao se encaixe no perfil que voce deseja outro gestor poderia considera-lo\n\n\nAtenciosamente,\nEquipe de Contratacão de Desenvolvedores 
5	{gestor interessado}	{consultoria}	[Processo de Contratacão] Negociacao com candidato {nome}	Ola {consultoria},\n\nPor favor, poderia iniciar o processo de negociacao com o candidato {nome}, referente ao processo seletivo {idprocesso}\n\nAtenciosamente,\n{gestor interessado}
1	rodrigues@simonsen.br	rodrigues@simonsen.br	[Walmart.com] Abertura de Vaga - Processo Seletivo #{idprocesso}	Olá,\nComunicamos de abertura de nova vaga, Processo Seletivo #{idprocesso}.\n\nJob Description: {job description}\nTipo de Vaga: {tipovaga}\n\t\t\nLembramos que: \n1 - Os candidatos que atenderem as exigências da vaga deverão executar o teste abaixo, em caráter eliminatório.\nhttp://www. github.com. aihua/ teste blabla\n\t\t\n2 - Toda a comunicação a respeito de um candidato deve preservar o número do Processo Seletivo.\n\n3 - Somente serão considerados os candidatos com teste concluído e data de resposta de no máximo um mês a partir deste email.\n\t\t\nAtenciosamente, \nEquipe de Contratação de Desenvolvedores\ndevcontrat@walmart.com
6	{gestor interessado}	{consultoria}	[Processo de Contratação] Contratar:{nome} - Processo Seletivo: {idprocesso}	Olá {consultoria},\n\nGostaria de comunicar a aprovação do candidato {nome}, referente ao processo seletivo {idprocesso}.\n\nData de Inicio esperada: {data de inicio}\nValor/Hora negociada: {Valor/Hora}\n\nAtenciosamente, \n{Gestor Interessado}\n
2	brunorodriguessiqueira@hotmail.com	brunorodriguessiqueira@hotmail.com	[Processo de Contratacão] Novo candidato para ser Classificado - {tecnologia}	Olá,\nUm novo candidato do nosso processo de selecão enviou submeteu seu teste e gostariamos da sua ajuda para avalia-lo.\nVocê ira encontrar todos os dados necessarios no sistema mas adiantamos:\nProcesso Seletivo: {idprocesso}\n{preenchido_no_posto}\n\t\t\nLembramos que: \n1 - O objetivo desta classificacao e enquadra-lo de acordo com as metricas de avaliacão do Walmart. Confira em: \n\t\t\nAtenciosamente, \nEquipe de Contratação de Desenvolvedores\ndevcontrat@walmart.com
7	devcontrat@walmart.com	{email}	{nome}, {email} Bem Vindo ao Walmart.com	Olá {nome},\nEste é seu primeiro email e que seja de boas vindas!\n\nEm tempo, gostaríamos de saber como foi seu processo de onboarding.\nPoderia nos responder as perguntas abaixo:\n1. Você recebeu instrucões sobre a visão de negocios, roadmap atual e futuro do produto que você vai trabalhar ? Como foi a experiência ?\n2. Você recebeu instrucões sobre a arquitetura, dependências e quais sistemas dependem do seu produto ? Como foi a experiência ?\n3. Você recebeu instrucões sobre o processo de trabalho do Walmart.com ? Como foi a experiência ?\n\nEsta faltando alguma coisa ? Em que mais podemos lhe ajudar ?\n\nVocê tem 7 dias para responder este email! Seu feedback e importante para continuarmos melhorando.\n\nAtenciosamente,\nEquipe de Contratacão de Desenvolvedores
3	devcontrat@walmart.com	{atores}	[Processo de Contratação] Candidato pronto para Roteamento - {tecnologia}:{senioridade}	Gestores, \nExiste um novo candidato pronto para ser entrevistado.\n\nProcesso Seletivo: {idprocesso}\nNome do Candidato: {nome}\n\nAtenciosamente, \nEquipe de Contratação de Desenvolvedores\ndevcontrat@walmart.com\n
\.


--
-- Name: notificacoes_email_id_seq; Type: SEQUENCE SET; Schema: public; Owner: postgres
--

SELECT pg_catalog.setval('notificacoes_email_id_seq', 7, true);


--
-- Data for Name: posto_acao; Type: TABLE DATA; Schema: public; Owner: postgres
--

COPY posto_acao (id, idposto, acao, goto) FROM stdin;
1	1	Lançar	2
3	3	Classificar	274
4	4	Designar Gestor	275
310	7	Finalizar2	279
2	2	Lançar	273
5	5	Seguir com candidato	276
311	5	Devolver Candidato	281
7	6	Seguir para Negociacão	277
312	6	Devolver Candidato	282
10	8	Negociacão com Sucesso	278
313	8	Negociacao Declinou	283
316	280	test onboarding	284
315	280	Seguir para reconsideracão	285
12	4	Arquivar	286
\.


--
-- Name: posto_acao_id_seq; Type: SEQUENCE SET; Schema: public; Owner: postgres
--

SELECT pg_catalog.setval('posto_acao_id_seq', 316, true);


--
-- Data for Name: postos_campo; Type: TABLE DATA; Schema: public; Owner: postgres
--

COPY postos_campo (id, idposto, campo, obrigatorio, maxlenght, inputtype, txtarea_cols, txtarea_rows) FROM stdin;
11	273	nome	1	50	text	\N	\N
13	1	tipovaga	1	30	text	\N	\N
12	273	tecnologia	\N	\N	\N	\N	\N
2	273	github	\N	\N	\N	\N	\N
3	273	cv	\N	\N	\N	\N	\N
4	274	senioridade	\N	\N	\N	\N	\N
163	278	Valor/Hora	\N	\N	\N	\N	\N
164	278	Data de Inicio	\N	\N	\N	\N	\N
5	275	Gestor Interessado	\N	\N	\N	\N	\N
166	273	Consultoria	\N	\N	\N	\N	\N
171	284	tst	\N	\N	\N	\N	\N
177	279	Email	\N	\N	\N	\N	\N
8	8	dados da negociacao	1	\N	textarea	90	10
9	279	checklist executado ?	1	\N	textarea	90	10
10	274	Parecer da Classificação dos Devs	1	\N	textarea	90	10
6	276	Parecer do Gestor em Entrevista Presencial	1	\N	textarea	90	10
7	277	Pos Entrevista, parecer decisorio	1	\N	textarea	90	10
167	281	Motivo da ReprovacÃo	1	\N	textarea	90	10
168	282	Motivo da ReprovacÃo	1	\N	textarea	90	10
169	283	Motivo do Declinio	1	\N	textarea	90	10
170	285	Justificativa da reativacão do Processo	1	\N	textarea	90	10
172	286	Motivo do Arquivamento	1	\N	textarea	90	10
174	1	Enunciado e Regras do Teste Técnico	1	\N	textarea	90	10
1	1	job description	1	\N	textarea	90	10
\.


--
-- Name: postos_campo_id_seq; Type: SEQUENCE SET; Schema: public; Owner: postgres
--

SELECT pg_catalog.setval('postos_campo_id_seq', 177, true);


--
-- Data for Name: postos_campo_lista; Type: TABLE DATA; Schema: public; Owner: postgres
--

COPY postos_campo_lista (id, idposto, idpostocampo, atributo_campo, atributo_valor) FROM stdin;
1	2	13	\N	\N
2	2	1	\N	\N
3	3	11	\N	\N
4	3	12	\N	\N
5	3	13	\N	\N
6	4	4	\N	\N
7	4	10	\N	\N
9	4	11	\N	\N
10	4	12	\N	\N
11	4	13	\N	\N
12	5	4	\N	\N
13	5	10	\N	\N
15	5	11	\N	\N
16	5	12	\N	\N
17	5	13	\N	\N
18	5	5	\N	\N
19	6	4	\N	\N
20	6	10	\N	\N
21	6	5	\N	\N
22	6	11	\N	\N
23	6	12	\N	\N
24	6	13	\N	\N
25	6	6	\N	\N
26	8	4	\N	\N
27	8	10	\N	\N
28	8	5	\N	\N
29	8	11	\N	\N
30	8	12	\N	\N
31	8	13	\N	\N
32	8	7	\N	\N
33	8	6	\N	\N
42	7	4	\N	\N
45	7	11	\N	\N
46	7	12	\N	\N
47	7	13	\N	\N
50	7	163	\N	\N
51	7	164	\N	\N
52	280	1	\N	\N
53	280	13	\N	\N
54	280	11	\N	\N
55	280	12	\N	\N
56	280	4	\N	\N
57	280	\N	Status do Processo	p_status
59	280	\N	Inicio do Processo	p_inicio
58	280	\N	No Posto desde	wt_inicio
60	4	\N	No Posto desde	wt_inicio
61	2	\N	No Posto desde	wt_inicio
62	3	\N	No Posto desde	wt_inicio
63	5	\N	No Posto desde	wt_inicio
64	6	\N	No Posto desde	wt_inicio
65	7	\N	No Posto desde	wt_inicio
66	8	\N	No Posto desde	wt_inicio
67	3	166	\N	\N
68	4	166	\N	\N
69	5	166	\N	\N
70	6	166	\N	\N
71	7	166	\N	\N
72	8	166	\N	\N
73	280	166	\N	\N
74	280	177	\N	\N
75	287	11	\N	\N
76	287	12	\N	\N
77	287	13	\N	\N
78	287	\N	No Posto desde	wt_inicio
79	287	166	\N	\N
\.


--
-- Name: postos_campo_lista_id_seq; Type: SEQUENCE SET; Schema: public; Owner: postgres
--

SELECT pg_catalog.setval('postos_campo_lista_id_seq', 79, true);


--
-- Data for Name: processos; Type: TABLE DATA; Schema: public; Owner: postgres
--

COPY processos (id, idpai, idtipoprocesso, inicio, idworkflow, status, regra_finalizacao) FROM stdin;
46384	\N	1	2016-05-17 01:55:03.388588	1	Em Andamento	\N
46385	46384	2	2016-05-17 01:55:08.046004	1	Em Andamento	\N
46386	46384	2	2016-05-17 01:55:08.052512	1	Em Andamento	\N
\.


--
-- Name: processos_id_seq; Type: SEQUENCE SET; Schema: public; Owner: postgres
--

SELECT pg_catalog.setval('processos_id_seq', 46386, true);


--
-- Data for Name: relacionamento_postos; Type: TABLE DATA; Schema: public; Owner: bsiquei
--

COPY relacionamento_postos (id, avanca_processo, idposto_atual) FROM stdin;
1	7	278
2	\N	280
3	4	281
4	4	282
5	280	283
6	7	284
7	4	285
8	280	286
9	280	279
11	\N	3
12	3	273
13	\N	4
14	\N	5
15	\N	6
16	\N	7
17	5	275
18	6	276
19	8	277
20	\N	8
21	\N	2
22	2	1
23	287	273
\.


--
-- Name: relacionamento_postos_id_seq; Type: SEQUENCE SET; Schema: public; Owner: bsiquei
--

SELECT pg_catalog.setval('relacionamento_postos_id_seq', 23, true);


--
-- Data for Name: tecnologias; Type: TABLE DATA; Schema: public; Owner: postgres
--

COPY tecnologias (id, tecnologia) FROM stdin;
2	python
3	ruby
4	javascript
\.


--
-- Name: tecnologias_id_seq; Type: SEQUENCE SET; Schema: public; Owner: postgres
--

SELECT pg_catalog.setval('tecnologias_id_seq', 48, true);


--
-- Data for Name: tipos_processo; Type: TABLE DATA; Schema: public; Owner: postgres
--

COPY tipos_processo (id, tipo, id_pai, regra_finalizacao, regra_handover) FROM stdin;
2	Candidato	1	\N	TODOS_FILHOS_FECHADOS
3	Avaliação	2	\N	ANYTIME
1	Vaga	\N	\N	ANYTIME
\.


--
-- Name: tipos_processo_id_seq; Type: SEQUENCE SET; Schema: public; Owner: postgres
--

SELECT pg_catalog.setval('tipos_processo_id_seq', 3, true);


--
-- Data for Name: usuario_atores; Type: TABLE DATA; Schema: public; Owner: postgres
--

COPY usuario_atores (id, idusuario, idator) FROM stdin;
86	1	85
87	2	3
88	1	5
89	3	2
90	4	2
91	4	3
92	4	5
93	4	85
94	5	2
95	6	2
96	7	2
\.


--
-- Name: usuario_atores_id_seq; Type: SEQUENCE SET; Schema: public; Owner: postgres
--

SELECT pg_catalog.setval('usuario_atores_id_seq', 96, true);


--
-- Data for Name: usuarios; Type: TABLE DATA; Schema: public; Owner: postgres
--

COPY usuarios (id, email, nome, senha, login) FROM stdin;
2	babirondo@gmail.com	Analista de Seleção	analista	analista
1	babirondo@gmail.com	Bruno Siqueira	bruno	bruno
3	babirondo@gmail.com	Dev Avaliador	dev	dev
4	babirondo@gmail.com	Total	total	total
5	\N	Dev 2	dev2	dev2
6	\N	Dev 3	dev3	dev3
7	\N	Dev 1	dev1	dev1
\.


--
-- Data for Name: usuarios_avaliadores_tecnologias; Type: TABLE DATA; Schema: public; Owner: postgres
--

COPY usuarios_avaliadores_tecnologias (id, idusuario, idtecnologia) FROM stdin;
\.


--
-- Name: usuarios_avaliadores_tecnologias_id_seq; Type: SEQUENCE SET; Schema: public; Owner: postgres
--

SELECT pg_catalog.setval('usuarios_avaliadores_tecnologias_id_seq', 36, true);


--
-- Name: usuarios_id_seq; Type: SEQUENCE SET; Schema: public; Owner: postgres
--

SELECT pg_catalog.setval('usuarios_id_seq', 7, true);


--
-- Data for Name: workflow; Type: TABLE DATA; Schema: public; Owner: postgres
--

COPY workflow (id, workflow, posto_inicial, posto_final, penultimo_posto) FROM stdin;
25	fluxo 2 	\N	\N	\N
1	recrutamento e slecao de dev	1	280	7
\.


--
-- Data for Name: workflow_dados; Type: TABLE DATA; Schema: public; Owner: postgres
--

COPY workflow_dados (id, idpostocampo, valor, idprocesso, registro, idposto) FROM stdin;
3098	13	dw	46384	2016-05-17 01:55:03.393025	1
3099	174	dwq	46384	2016-05-17 01:55:03.393557	1
3100	1	dq	46384	2016-05-17 01:55:03.393983	1
3101	11	dwqdq	46386	2016-05-17 01:55:08.05524	273
3102	12		46386	2016-05-17 01:55:08.055939	273
3103	2		46386	2016-05-17 01:55:08.056386	273
3104	3		46386	2016-05-17 01:55:08.056741	273
3105	166		46386	2016-05-17 01:55:08.057094	273
\.


--
-- Name: workflow_dados_id_seq; Type: SEQUENCE SET; Schema: public; Owner: postgres
--

SELECT pg_catalog.setval('workflow_dados_id_seq', 3105, true);


--
-- Name: workflow_id_seq; Type: SEQUENCE SET; Schema: public; Owner: postgres
--

SELECT pg_catalog.setval('workflow_id_seq', 25, true);


--
-- Data for Name: workflow_postos; Type: TABLE DATA; Schema: public; Owner: postgres
--

COPY workflow_postos (id, id_workflow, idator, posto, ordem_cronologica, principal, lista, idtipoprocesso, starter, avanca_processo, notif_saindoposto, notif_entrandoposto, tipodesignacao, regra_finalizacao) FROM stdin;
278	1	\N	Dados da Contratação	\N	0	F	2	\N	7	6	\N	\N	\N
280	1	\N	Processos Finalizados	9	1	L	\N	\N	\N	\N	\N	\N	\N
281	1	85	Reprovacão de Candidato	\N	0	F	2	\N	4	\N	\N	\N	\N
282	1	85	Reprovacão de Candidato ja entrevistado	\N	0	F	2	\N	4	\N	\N	\N	\N
283	1	85	Negociacão Falha	\N	0	F	2	\N	280	\N	\N	\N	\N
284	1	85	TESTE	\N	0	F	2	\N	7	\N	\N	\N	\N
285	1	85	Re Ativar Processo Seletivo para este candidato	\N	0	F	2	\N	4	\N	\N	\N	\N
286	1	85	Arquivar processo de Candidato	\N	0	F	2	\N	280	\N	\N	\N	\N
279	1	\N	Onboarding de novo membro	\N	0	F	2	\N	280	7	\N	\N	\N
273	1	3	lançar candidato	\N	0	F	3	0	3	\N	\N	\N	\N
4	1	85	roteamento	4	1	L	2	\N	\N	\N	3	\N	\N
5	1	85	entrevista presencial	5	1	L	2	\N	\N	\N	4	\N	\N
6	1	85	entrevistados	6	1	L	2	\N	\N	\N	\N	\N	\N
7	1	85	onboarding	8	1	L	2	\N	\N	\N	\N	\N	\N
275	1	\N	Encaminhar para Gestor	\N	0	F	2	\N	5	\N	\N	\N	\N
276	1	\N	Dados da Entrevista	\N	0	F	2	\N	6	\N	\N	\N	\N
277	1	\N	Encaminhar para Negociacão	\N	0	F	2	\N	8	\N	\N	\N	\N
8	1	85	negociar com consultoria	7	1	L	2	\N	\N	\N	5	\N	\N
2	1	3	cadastra retorno	2	1	L	1	1	\N	\N	\N	\N	\N
1	1	85	job description	1	1	F	1	1	2	1	\N	\N	\N
274	1	1	Classificação de Senioridade	\N	0	F	3	\N	4	\N	\N	\N	\N
3	1	2	Primeira Avaliação	3	1	L	3	\N	\N	\N	2	Assumir	\N
287	1	2	Segunda Avaliação	3	1	L	3	\N	\N	\N	\N	Assumir	\N
\.


--
-- Name: workflow_postos_id_seq; Type: SEQUENCE SET; Schema: public; Owner: postgres
--

SELECT pg_catalog.setval('workflow_postos_id_seq', 287, true);


--
-- Data for Name: workflow_tramitacao; Type: TABLE DATA; Schema: public; Owner: postgres
--

COPY workflow_tramitacao (id, idprocesso, idworkflowposto, inicio, fim) FROM stdin;
1469	46384	1	2016-05-17 01:55:03.390069	2016-05-17 01:55:03.390069
1471	46385	3	2016-05-17 01:55:08.047565	\N
1472	46386	287	2016-05-17 01:55:08.053571	\N
1470	46384	2	2016-05-17 01:55:03.392047	2016-05-17 01:55:08.054525
\.


--
-- Name: workflow_tramitacao_id_seq; Type: SEQUENCE SET; Schema: public; Owner: postgres
--

SELECT pg_catalog.setval('workflow_tramitacao_id_seq', 1472, true);


--
-- Name: public; Type: ACL; Schema: -; Owner: bsiquei
--

REVOKE ALL ON SCHEMA public FROM PUBLIC;
REVOKE ALL ON SCHEMA public FROM bsiquei;
GRANT ALL ON SCHEMA public TO bsiquei;
GRANT ALL ON SCHEMA public TO postgres;
GRANT ALL ON SCHEMA public TO PUBLIC;


--
-- PostgreSQL database dump complete
--

